PT08.S3(NOx),T,RH,AH,NO2(GT),NOx(GT),PT08.S4(NO2),CO(GT),C6H6(GT),PT08.S2(NMHC),PT08.S5(O3)
-0.770544,0.048985,0.1144,0.135728,0.563442,0.622549,0.682363,0.776948,0.883871,0.892989,0.899417
