mse,mae,r2
20584.473043,109.988322,0.5559
15126.318589,93.236105,0.673657
14132.297218,90.34951,0.695103
16737.530865,98.379823,0.638896
10455.777821,78.892873,0.774422
10490.319433,78.941293,0.773676
9426.085116,75.169659,0.796637
9958.552203,76.336961,0.785149
10172.829268,77.116605,0.780526
10128.528075,76.952154,0.781482
